{
  "versions": {},
  "performance": {
    "v1": {
      "avgLatency": 9697.09090909091,
      "avgTokens": 189.1818181818182,
      "avgAccuracy": 0.1380155541990611,
      "avgHallucination": 0.44783549783549775,
      "usageCount": 11
    },
    "v3": {
      "avgLatency": 13171.041666666666,
      "avgTokens": 254.91666666666663,
      "avgAccuracy": 0.22993536890887023,
      "avgHallucination": 0.3636363636363637,
      "usageCount": 24
    }
  }
}